Id,Predicted
0,1494.0
1,718.0
2,350.0
3,957.5
4,295.5
5,1664.0
6,430.0
7,1154.0
8,77.0
9,0.0
10,957.5
11,944.0
12,29.0
13,2112.0
14,957.5
15,1828.0
16,103.0
17,234.5
18,1697.5
19,401.0
20,1312.0
21,1187.0
22,983.0
23,957.5
24,295.5
25,1120.5
26,1294.0
27,1693.0
28,366.0
29,337.0
30,627.0
31,1312.0
32,366.0
33,35.0
34,197.0
35,84.0
36,957.5
37,1154.0
38,1154.0
39,58.0
40,67.0
41,544.5
42,2112.0
43,718.0
44,1828.0
45,168.0
46,837.0
47,1494.0
48,1828.0
49,1158.0
50,1046.0
51,332.0
52,957.5
53,234.5
54,1828.0
55,1450.0
56,1828.0
57,168.0
58,133.5
59,1693.0
60,154.0
61,2112.0
62,1693.0
63,40.0
64,104.0
65,944.0
66,544.5
67,1693.0
68,132.0
69,286.0
70,29.0
71,1154.0
72,0.0
73,33.0
74,0.0
75,1693.0
76,2112.0
77,971.5
78,234.5
79,517.5
80,1494.0
81,718.0
82,2112.0
83,118.0
84,1154.0
85,619.0
86,234.5
87,0.0
88,957.0
89,1120.5
90,229.0
91,133.5
92,957.5
93,944.0
94,944.0
95,1154.0
96,2112.0
97,1120.5
98,957.5
99,124.5
100,295.5
101,236.0
102,1647.0
103,971.5
104,411.0
105,133.5
106,165.5
107,176.0
108,42.0
109,492.0
110,1450.0
111,51.5
112,79.0
113,54.0
114,103.0
115,48.0
116,165.5
117,2112.0
118,535.5
119,402.0
120,1154.0
121,366.0
122,133.5
123,243.5
124,167.0
125,1120.5
126,529.0
127,555.0
128,1494.0
129,1494.0
130,227.0
131,1154.0
132,619.5
133,1309.0
134,1828.0
135,39.0
136,535.5
137,1828.0
138,295.5
139,28.0
140,1693.0
141,957.5
142,1828.0
143,58.0
144,234.5
145,43.5
146,1309.0
147,794.5
148,319.0
149,718.0
150,758.0
151,234.5
152,520.0
153,295.5
154,1664.0
155,1811.0
156,1154.0
157,556.0
158,60.0
159,29.0
160,957.5
161,405.0
162,154.0
163,584.0
164,589.0
165,73.0
166,627.0
167,830.0
168,1494.0
169,1828.0
170,52.0
171,1213.0
172,30.0
173,759.0
174,30.0
175,376.0
176,957.5
177,957.5
178,337.0
179,318.0
180,234.5
181,282.5
182,957.5
183,234.5
184,581.5
185,1664.0
186,197.0
187,1154.0
188,944.0
189,60.0
190,292.0
191,971.5
192,1450.0
193,337.0
194,602.0
195,295.5
196,957.5
197,619.5
198,103.0
199,957.5
200,0.0
201,17.0
202,173.0
203,168.0
204,2112.0
205,202.0
206,1309.0
207,693.5
208,17.0
209,236.0
210,337.0
211,1494.0
212,124.5
213,944.0
214,17.0
215,62.5
216,1014.5
217,718.0
218,957.5
219,234.5
220,1693.0
221,48.0
222,2112.0
223,957.5
224,619.5
225,971.5
226,165.5
227,1120.5
228,957.5
229,1693.0
230,690.5
231,2112.0
232,718.5
233,154.0
234,718.0
235,164.0
236,337.0
237,1154.0
238,1828.0
239,394.5
240,604.5
241,29.0
242,1154.0
243,1185.0
244,794.5
245,234.5
246,175.0
247,154.0
248,337.0
249,169.0
250,81.0
251,2112.0
252,2112.0
253,957.0
254,957.5
255,693.5
256,420.0
257,1312.0
258,619.5
259,741.0
260,718.0
261,1154.0
262,1154.0
263,641.0
264,1154.0
265,168.0
266,794.5
267,366.0
268,971.5
269,0.0
270,1309.0
271,535.5
272,197.0
273,65.0
274,1309.0
275,420.0
276,957.5
277,154.0
278,81.0
279,397.5
280,183.0
281,394.5
282,973.5
283,971.5
284,420.0
285,403.0
286,2112.0
287,589.0
288,128.0
289,1494.0
290,295.5
291,295.5
292,403.0
293,133.5
294,983.0
295,402.0
296,1828.0
297,430.0
298,1154.0
299,58.0
300,1185.0
301,1693.0
302,337.0
303,168.0
304,402.0
305,52.0
306,944.0
307,517.5
308,602.0
309,973.5
310,2112.0
311,165.5
312,234.5
313,983.0
314,168.0
315,0.0
316,627.0
317,1908.0
318,1154.0
319,2112.0
320,1664.0
321,83.0
322,366.0
323,957.5
324,1046.0
325,235.0
326,295.5
327,1908.0
328,235.0
329,1120.5
330,171.5
331,1185.0
332,1828.0
333,65.5
334,367.0
335,944.0
336,318.0
337,1120.5
338,173.0
339,0.0
340,589.0
341,1154.0
342,337.0
343,176.0
344,1828.0
345,1693.0
346,1154.0
347,971.5
348,2112.0
349,234.5
350,983.0
351,171.0
352,957.5
353,1693.0
354,2112.0
355,1014.5
356,1828.0
357,581.5
358,167.0
359,957.5
360,1154.0
361,151.0
362,44.0
363,0.0
364,295.5
365,718.5
366,29.0
367,234.5
368,983.0
369,96.0
370,337.0
371,168.0
372,284.0
373,535.5
374,317.0
375,718.0
376,1154.0
377,1828.0
378,1154.0
379,957.5
380,350.0
381,113.0
382,133.5
383,1294.0
384,1664.0
385,295.5
386,85.0
387,295.5
388,1828.0
389,1154.0
390,944.0
391,234.5
392,555.0
393,578.0
394,983.0
395,2112.0
396,168.0
397,99.0
398,151.0
399,983.0
400,1647.0
401,168.0
402,295.5
403,1154.0
404,741.0
405,144.0
406,292.0
407,1154.0
408,421.0
409,295.5
410,1309.0
411,944.0
412,2112.0
413,1309.0
414,165.5
415,693.5
416,234.5
417,1811.0
418,113.0
419,589.0
420,957.5
421,627.0
422,1294.0
423,2112.0
424,971.5
425,81.0
426,1154.0
427,234.5
428,337.0
429,2112.0
430,718.0
431,243.5
432,718.0
433,1828.0
434,186.5
435,165.5
436,295.5
437,52.0
438,2112.0
439,295.5
440,1494.0
441,718.0
442,1309.0
443,366.0
444,167.0
445,363.0
446,337.0
447,589.0
448,295.5
449,269.0
450,535.5
451,366.0
452,295.5
453,223.0
454,973.5
455,295.5
456,579.0
457,52.0
458,1828.0
459,971.5
460,29.0
461,957.5
462,2112.0
463,983.0
464,21.0
465,1154.0
466,234.5
467,84.0
468,589.0
469,1828.0
470,31.0
471,0.0
472,996.5
473,304.0
474,173.0
475,48.0
476,350.0
477,971.5
478,295.5
479,366.0
480,2112.0
481,2112.0
482,182.0
483,2112.0
484,1450.0
485,1309.0
486,584.0
487,268.0
488,295.5
489,295.5
490,295.5
491,718.0
492,295.5
493,29.0
494,203.0
495,1693.0
496,971.5
497,556.0
498,693.5
499,318.0
500,173.0
501,72.5
502,212.0
503,1693.0
504,741.0
505,262.0
506,366.0
507,0.0
508,154.0
509,154.0
510,1309.0
511,2112.0
512,154.0
513,627.0
514,85.0
515,581.5
516,243.5
517,81.0
518,1294.0
519,1120.5
520,234.5
521,1693.0
522,741.0
523,1154.0
524,84.0
525,1828.0
526,168.0
527,430.0
528,581.5
529,0.0
530,133.5
531,944.0
532,169.0
533,165.5
534,971.5
535,718.0
536,2112.0
537,498.0
538,295.5
539,1187.0
540,397.5
541,245.0
542,1154.0
543,562.5
544,173.0
545,957.5
546,741.0
547,957.5
548,332.0
549,544.5
550,544.5
551,81.0
552,103.0
553,133.5
554,168.0
555,944.0
556,983.0
557,505.5
558,366.0
559,183.0
560,350.0
561,243.5
562,619.5
563,900.0
564,505.5
565,1664.0
566,1309.0
567,168.0
568,168.0
569,337.0
570,1309.0
571,971.5
572,366.0
573,478.0
574,1071.0
575,1154.0
576,944.0
577,295.5
578,243.5
579,684.5
580,197.0
581,957.5
582,154.0
583,158.0
584,971.5
585,29.0
586,693.5
587,517.5
588,906.0
589,234.5
590,718.0
591,1312.0
592,900.0
593,186.5
594,2112.0
595,1154.0
596,1154.0
597,1154.0
598,223.0
599,2112.0
600,957.5
601,589.0
602,243.5
603,619.5
604,65.0
605,2112.0
606,337.0
607,1309.0
608,169.0
609,165.5
610,505.5
611,43.5
612,243.5
613,0.0
614,619.5
615,29.0
616,370.5
617,197.0
618,2112.0
619,1154.0
620,1046.0
621,957.5
622,584.0
623,1828.0
624,295.5
625,337.0
626,1120.5
627,17.0
628,944.0
629,243.5
630,1693.0
631,350.0
632,944.0
633,688.0
634,944.0
635,584.0
636,429.5
637,1693.0
638,718.0
639,944.0
640,971.5
641,2112.0
642,1154.0
643,402.0
644,295.5
645,0.0
646,2112.0
647,957.5
648,944.0
649,267.0
650,794.5
651,996.5
652,1828.0
653,1309.0
654,1187.0
655,49.0
656,68.0
657,525.0
658,584.0
659,1154.0
660,165.5
661,244.0
662,1664.0
663,794.5
664,113.0
665,1828.0
666,1097.0
667,197.0
668,295.5
669,243.5
670,1120.5
671,295.5
672,957.5
673,154.0
674,164.0
675,2112.0
676,234.5
677,1664.0
678,758.0
679,944.0
680,1154.0
681,196.0
682,1450.0
683,1312.0
684,718.0
685,133.5
686,117.0
687,403.0
688,2112.0
689,1154.0
690,403.0
691,1154.0
692,81.0
693,1154.0
694,2112.0
695,902.0
696,1647.0
697,492.0
698,507.0
699,2112.0
700,1154.0
701,971.5
702,944.0
703,601.5
704,244.0
705,1312.0
706,1664.0
707,43.0
708,718.0
709,758.0
710,51.5
711,1664.0
712,1154.0
713,322.0
714,758.0
715,321.0
716,420.0
717,619.5
718,957.5
719,1154.0
720,405.0
721,114.5
722,407.0
723,1309.0
724,619.5
725,337.0
726,741.0
727,234.5
728,295.5
729,112.5
730,173.0
731,366.0
732,171.5
733,234.5
734,234.5
735,944.0
736,104.0
737,478.0
738,84.0
739,1154.0
740,957.5
741,602.0
742,398.0
743,1312.0
744,430.0
745,236.0
746,39.0
747,1309.0
748,758.0
749,1409.0
750,1235.0
751,21.0
752,1120.5
753,0.0
754,944.0
755,758.0
756,1312.0
757,167.0
758,101.5
759,2112.0
760,1312.0
761,151.0
762,369.5
763,133.5
764,202.0
765,168.0
766,0.0
767,1309.0
768,646.0
769,247.0
770,366.0
771,15.0
772,154.0
773,971.5
774,29.0
775,1120.5
776,971.5
777,366.0
778,1494.0
779,693.5
780,366.0
781,81.0
782,957.5
783,404.5
784,996.5
785,234.5
786,197.0
787,957.5
788,284.0
789,213.0
790,944.0
791,492.0
792,228.0
793,2112.0
794,133.5
795,101.5
796,741.0
797,1828.0
798,584.0
799,944.0
800,1664.0
801,1828.0
802,584.0
803,154.0
804,2112.0
805,837.0
806,1494.0
807,279.5
808,337.0
809,332.0
810,0.0
811,2112.0
812,957.5
813,971.5
814,0.0
815,619.5
816,1450.0
817,49.0
818,103.0
819,337.0
820,234.5
821,1120.5
822,197.0
823,243.5
824,125.0
825,1014.5
826,957.5
827,40.0
828,1693.0
829,236.0
830,944.0
831,420.0
832,684.5
833,112.5
834,1693.0
835,402.0
836,944.0
837,176.0
838,224.0
839,2112.0
840,794.5
841,247.0
842,579.0
843,533.0
844,40.0
845,741.0
846,128.0
847,1120.5
848,234.5
849,944.0
850,693.5
851,247.0
852,1828.0
853,184.0
854,1494.0
855,521.0
856,1154.0
857,718.0
858,983.0
859,718.0
860,242.0
861,133.5
862,132.0
863,2112.0
864,235.0
865,0.0
866,983.0
867,29.0
868,99.0
869,957.5
870,1828.0
871,1154.0
872,295.5
873,957.5
874,146.0
875,1828.0
876,1154.0
877,224.0
878,118.0
879,1309.0
880,1185.0
881,168.0
882,244.0
883,0.0
884,129.0
885,2112.0
886,2112.0
887,669.0
888,983.0
889,957.5
890,337.0
891,973.5
892,23.0
893,1255.0
894,1118.0
895,1120.5
896,1693.0
897,2112.0
898,1071.0
899,337.0
900,1450.0
901,794.5
902,0.0
903,794.5
904,168.0
905,1409.0
906,500.0
907,580.0
908,584.0
909,1828.0
910,81.0
911,295.5
912,902.0
913,19.0
914,84.0
915,957.5
916,1309.0
917,2112.0
918,0.0
919,972.0
920,971.5
921,1450.0
922,1693.0
923,83.0
924,337.0
925,90.0
926,1309.0
927,1154.0
928,366.0
929,684.5
930,1828.0
931,2112.0
932,133.5
933,165.5
934,29.0
935,983.0
936,1828.0
937,2112.0
938,342.0
939,234.5
940,718.0
941,430.0
942,0.0
943,202.0
944,370.5
945,2112.0
946,48.0
947,1494.0
948,1828.0
949,258.0
950,1312.0
951,584.0
952,402.0
953,342.0
954,27.0
955,1118.0
956,158.0
957,29.0
958,1046.0
959,402.0
960,758.0
961,1046.0
962,1187.0
963,228.5
964,1046.0
965,1154.0
966,385.0
967,1312.0
968,167.0
969,176.0
970,234.5
971,718.0
972,718.0
973,154.0
974,1828.0
975,90.0
976,2112.0
977,155.0
978,1154.0
979,51.5
980,84.0
981,78.0
982,237.0
983,957.5
984,944.0
985,295.5
986,243.5
987,273.0
988,2112.0
989,0.0
990,1294.0
991,718.0
992,402.0
993,718.0
994,957.5
995,337.0
996,40.0
997,957.5
998,240.0
999,2112.0
1000,402.0
1001,402.0
1002,589.0
1003,1120.5
1004,1118.0
1005,1154.0
1006,29.0
1007,684.5
1008,103.0
1009,741.0
1010,1154.0
1011,0.0
1012,2112.0
1013,957.5
1014,456.0
1015,1154.0
1016,971.5
1017,1309.0
1018,167.0
1019,12.0
1020,157.0
1021,421.0
1022,1664.0
1023,1120.5
1024,1811.0
1025,619.5
1026,944.0
1027,2112.0
1028,81.0
1029,2112.0
1030,366.0
1031,295.5
1032,42.0
1033,944.0
1034,52.0
1035,794.5
1036,234.5
1037,262.0
1038,42.0
1039,1255.0
1040,236.0
1041,171.0
1042,1185.0
1043,404.5
1044,1154.0
1045,0.0
1046,366.0
1047,1154.0
1048,1120.5
1049,81.0
1050,1046.0
1051,337.0
1052,1828.0
1053,234.5
1054,234.5
1055,1908.0
1056,337.0
1057,103.0
1058,971.5
1059,366.0
1060,1828.0
1061,1828.0
1062,1046.0
1063,2112.0
1064,1255.0
1065,402.0
1066,1828.0
1067,0.0
1068,1309.0
1069,1154.0
1070,1828.0
1071,0.0
1072,957.5
1073,1154.0
1074,478.0
1075,1070.0
1076,584.0
1077,295.5
1078,0.0
1079,253.0
1080,1664.0
1081,957.5
1082,971.5
1083,81.0
1084,61.0
1085,973.5
1086,1828.0
1087,1828.0
1088,1154.0
1089,44.0
1090,544.0
1091,29.0
1092,1154.0
1093,104.0
1094,718.0
1095,957.5
1096,957.5
1097,1494.0
1098,403.0
1099,295.5
1100,370.5
1101,4.0
1102,164.0
1103,944.0
1104,295.5
1105,51.5
1106,718.5
1107,2112.0
1108,971.5
1109,2112.0
1110,234.5
1111,60.0
1112,1129.0
1113,168.0
1114,971.5
1115,403.0
1116,440.0
1117,957.5
1118,93.0
1119,758.0
1120,188.0
1121,1312.0
1122,163.0
1123,128.0
1124,957.5
1125,601.5
1126,202.0
1127,1693.0
1128,337.0
1129,90.0
1130,1450.0
1131,1664.0
1132,1309.0
1133,758.0
1134,421.0
1135,421.0
1136,421.0
1137,1154.0
1138,197.0
1139,957.5
1140,957.5
1141,2112.0
1142,742.0
1143,718.0
1144,957.5
1145,194.0
1146,0.0
1147,268.0
1148,944.0
1149,405.0
1150,758.0
1151,65.5
1152,544.0
1153,741.0
1154,957.5
1155,234.5
1156,234.5
1157,165.5
1158,848.0
1159,1828.0
1160,51.5
1161,983.0
1162,105.0
1163,1828.0
1164,223.0
1165,2112.0
1166,1450.0
1167,224.0
1168,957.5
1169,1450.0
1170,227.0
1171,258.0
1172,741.0
1173,1494.0
1174,246.0
1175,1171.5
1176,1154.0
1177,1312.0
1178,1120.5
1179,112.0
1180,1187.0
1181,1494.0
1182,971.5
1183,944.0
1184,279.5
1185,693.5
1186,1828.0
1187,741.0
1188,794.5
1189,402.0
1190,1309.0
1191,544.5
1192,684.5
1193,908.0
1194,983.0
1195,794.5
1196,684.5
1197,718.0
1198,1294.0
1199,337.0
1200,295.5
1201,944.0
1202,146.0
1203,2112.0
1204,0.0
1205,135.0
1206,1450.0
1207,957.5
1208,366.0
1209,103.0
1210,84.0
1211,693.5
1212,957.5
1213,171.0
1214,440.0
1215,578.0
1216,116.0
1217,295.5
1218,1294.0
1219,240.0
1220,133.5
1221,1309.0
1222,1187.0
1223,295.5
1224,151.0
1225,2112.0
1226,1312.0
1227,132.0
1228,234.5
1229,154.0
1230,337.0
1231,1647.0
1232,2112.0
1233,684.5
1234,794.5
1235,584.0
1236,247.0
1237,1120.5
1238,234.5
1239,1120.5
1240,2112.0
1241,794.5
1242,1828.0
1243,584.0
1244,133.5
1245,741.0
1246,0.0
1247,295.5
1248,84.0
1249,84.0
1250,168.0
1251,133.5
1252,202.0
1253,1494.0
1254,0.0
1255,366.0
1256,58.0
1257,584.0
1258,0.0
1259,29.0
1260,337.0
1261,147.0
1262,128.0
1263,1154.0
1264,1312.0
1265,133.5
1266,1664.0
1267,1908.0
1268,2112.0
1269,944.0
1270,243.5
1271,1154.0
1272,144.0
1273,758.0
1274,369.5
1275,944.0
1276,830.0
1277,52.0
1278,52.0
1279,1664.0
1280,589.0
1281,60.0
1282,243.5
1283,289.0
1284,589.0
1285,944.0
1286,429.5
1287,944.0
1288,168.0
1289,2112.0
1290,0.0
1291,900.0
1292,394.5
1293,2112.0
1294,1046.0
1295,957.5
1296,0.0
1297,24.0
1298,243.5
1299,186.5
1300,350.0
1301,971.5
1302,295.5
1303,397.5
1304,2112.0
1305,2112.0
1306,168.0
1307,295.5
1308,957.5
1309,168.0
1310,183.0
1311,718.0
1312,1154.0
1313,619.5
1314,1154.0
1315,2112.0
1316,693.5
1317,318.0
1318,0.0
1319,81.0
1320,168.0
1321,430.0
1322,235.0
1323,1828.0
1324,589.0
1325,29.0
1326,182.0
1327,235.0
1328,154.0
1329,247.0
1330,535.5
1331,1828.0
1332,1046.0
1333,101.5
1334,0.0
1335,684.5
1336,794.5
1337,337.0
1338,243.5
1339,337.0
1340,158.0
1341,370.5
1342,0.0
1343,1154.0
1344,685.0
1345,957.5
1346,693.5
1347,1828.0
1348,944.0
1349,1450.0
1350,1693.0
1351,1312.0
1352,1494.0
1353,52.0
1354,1828.0
1355,499.0
1356,171.0
1357,1046.0
1358,351.0
1359,244.0
1360,2112.0
1361,44.0
1362,2112.0
1363,957.5
1364,165.5
1365,2112.0
1366,196.0
1367,0.0
1368,619.5
1369,184.0
1370,584.0
1371,404.5
1372,42.0
1373,2112.0
1374,996.5
1375,165.5
1376,973.5
1377,492.0
1378,85.0
1379,2112.0
1380,1154.0
1381,957.5
1382,1828.0
1383,718.0
1384,759.0
1385,0.0
1386,2112.0
1387,165.5
1388,1828.0
1389,2112.0
1390,242.0
1391,1693.0
1392,589.0
1393,2112.0
1394,421.0
1395,2112.0
1396,1312.0
1397,81.0
1398,794.5
1399,0.0
1400,957.5
1401,32.0
1402,944.0
1403,366.5
1404,188.0
1405,58.0
1406,366.0
1407,267.0
1408,1154.0
1409,167.0
1410,971.5
1411,1154.0
1412,84.0
1413,957.5
1414,602.0
1415,295.5
1416,718.0
1417,996.5
1418,29.0
1419,2112.0
1420,957.5
1421,688.0
1422,983.0
1423,957.5
1424,96.0
1425,173.0
1426,1154.0
1427,1154.0
1428,235.0
1429,337.0
1430,688.0
1431,957.5
1432,1450.0
1433,1154.0
1434,957.5
1435,167.0
1436,158.0
1437,996.5
1438,164.0
1439,1828.0
1440,1312.0
1441,165.5
1442,1070.0
1443,154.0
1444,983.0
1445,971.5
1446,1828.0
1447,957.5
1448,0.0
1449,741.0
1450,544.0
1451,60.0
1452,295.5
1453,403.0
1454,68.0
1455,1494.0
1456,272.0
1457,0.0
1458,718.0
1459,971.5
1460,2112.0
1461,234.5
1462,65.0
1463,186.5
1464,517.5
1465,27.0
1466,1828.0
1467,30.0
1468,619.0
1469,1693.0
1470,60.0
1471,292.0
1472,295.5
1473,234.5
1474,1664.0
1475,404.5
1476,2112.0
1477,234.5
1478,2112.0
1479,318.0
1480,229.0
1481,1693.0
1482,741.0
1483,243.5
1484,234.5
1485,1185.0
1486,741.0
1487,268.0
1488,29.0
1489,922.0
1490,168.0
1491,1828.0
1492,79.0
1493,1294.0
1494,1185.0
1495,234.5
1496,58.0
1497,337.0
1498,234.5
1499,837.0
1500,154.0
1501,971.5
1502,295.5
1503,957.5
1504,957.5
1505,1828.0
1506,295.5
1507,1154.0
1508,133.5
1509,29.0
1510,350.0
1511,151.0
1512,1908.0
1513,154.0
1514,247.0
1515,350.0
1516,1154.0
1517,1908.0
1518,366.0
1519,492.0
1520,2112.0
1521,718.0
1522,284.0
1523,194.0
1524,1828.0
1525,957.5
1526,944.0
1527,402.0
1528,1828.0
1529,234.5
1530,718.0
1531,1154.0
1532,2112.0
1533,837.0
1534,42.0
1535,1120.5
1536,1187.0
1537,505.5
1538,2112.0
1539,900.0
1540,1828.0
1541,319.0
1542,85.0
1543,52.0
1544,1664.0
1545,243.5
1546,2112.0
1547,971.5
1548,1309.0
1549,58.0
1550,1154.0
1551,1828.0
1552,1828.0
1553,1647.0
1554,62.5
1555,285.0
1556,693.5
1557,944.0
1558,1693.0
1559,58.0
1560,1828.0
1561,169.0
1562,535.5
1563,197.0
1564,1494.0
1565,1309.0
1566,641.0
1567,337.0
1568,0.0
1569,1664.0
1570,318.0
1571,294.0
1572,0.0
1573,405.0
1574,1154.0
1575,1693.0
1576,741.0
1577,829.0
1578,247.0
1579,421.0
1580,718.0
1581,957.5
1582,1693.0
1583,174.5
1584,402.0
1585,1828.0
1586,0.0
1587,72.5
1588,168.0
1589,900.0
1590,900.0
1591,7.0
1592,0.0
1593,957.5
1594,718.0
1595,1309.0
1596,971.5
1597,112.5
1598,1154.0
1599,1828.0
1600,2112.0
1601,957.5
1602,1647.0
1603,520.0
1604,234.5
1605,1120.5
1606,332.0
1607,1450.0
1608,168.0
1609,1154.0
1610,337.0
1611,543.0
1612,944.0
1613,202.0
1614,366.0
1615,1120.5
1616,181.0
1617,718.0
1618,454.5
1619,816.0
1620,243.5
1621,55.0
1622,164.0
1623,1312.0
1624,0.0
1625,971.5
1626,505.5
1627,1154.0
1628,837.0
1629,234.5
1630,983.0
1631,104.0
1632,902.0
1633,72.5
1634,2112.0
1635,154.0
1636,1828.0
1637,126.0
1638,556.0
1639,602.0
1640,167.0
1641,62.5
1642,318.0
1643,758.0
1644,350.0
1645,337.0
1646,168.0
1647,343.0
1648,135.0
1649,186.5
1650,231.0
1651,154.0
1652,1494.0
1653,228.5
1654,1828.0
1655,944.0
1656,1664.0
1657,27.0
1658,173.0
1659,718.0
1660,79.0
1661,43.0
1662,72.5
1663,1664.0
1664,1309.0
1665,157.0
1666,40.0
1667,366.0
1668,1046.0
1669,619.5
1670,318.0
1671,168.0
1672,971.5
1673,627.0
1674,116.0
1675,169.0
1676,350.0
1677,1908.0
1678,684.5
1679,229.0
1680,2112.0
1681,29.0
1682,1494.0
1683,584.0
1684,0.0
1685,741.0
1686,168.0
1687,244.0
1688,318.0
1689,0.0
1690,2112.0
1691,1828.0
1692,240.0
1693,758.0
1694,1154.0
1695,0.0
1696,62.5
1697,169.0
1698,370.5
1699,234.5
1700,81.0
1701,112.0
1702,693.5
1703,202.0
1704,973.5
1705,971.5
1706,1014.5
1707,2112.0
1708,1309.0
1709,2112.0
1710,224.5
1711,27.0
1712,1693.0
1713,234.5
1714,1309.0
1715,718.0
1716,693.5
1717,589.0
1718,171.0
1719,0.0
1720,243.5
1721,957.5
1722,182.0
1723,2112.0
1724,971.5
1725,370.5
1726,117.0
1727,295.5
1728,1693.0
1729,1046.0
1730,1693.0
1731,1312.0
1732,0.0
1733,1647.0
1734,1154.0
1735,337.0
1736,0.0
1737,799.0
1738,112.5
1739,332.0
1740,944.0
1741,492.0
1742,957.5
1743,2112.0
1744,202.0
1745,957.0
1746,158.0
1747,128.0
1748,236.0
1749,295.5
1750,589.0
1751,1828.0
1752,168.0
1753,203.0
1754,1494.0
1755,81.0
1756,758.0
1757,758.0
1758,2112.0
1759,168.0
1760,957.5
1761,228.0
1762,900.0
1763,1312.0
1764,240.0
1765,126.0
1766,167.0
1767,292.0
1768,289.0
1769,604.5
1770,0.0
1771,295.5
1772,243.5
1773,325.0
1774,350.0
1775,1494.0
1776,133.5
1777,1046.0
1778,944.0
1779,2112.0
1780,29.0
1781,957.5
1782,1693.0
1783,492.0
1784,718.0
1785,883.0
1786,245.0
1787,181.0
1788,332.0
1789,370.5
1790,505.5
1791,285.0
1792,407.0
1793,211.0
1794,236.0
1795,535.5
1796,44.0
1797,957.5
1798,1494.0
1799,584.0
1800,1494.0
1801,758.0
1802,267.0
1803,693.5
1804,544.5
1805,339.0
1806,794.5
1807,0.0
1808,1309.0
1809,197.0
1810,103.0
1811,242.0
1812,282.5
1813,295.5
1814,50.0
1815,0.0
1816,1828.0
1817,996.5
1818,1409.0
1819,60.0
1820,405.0
1821,684.5
1822,231.0
1823,43.5
1824,247.0
1825,284.0
1826,2112.0
1827,65.0
1828,267.0
1829,224.0
1830,944.0
1831,182.0
1832,168.0
1833,718.0
1834,0.0
1835,619.5
1836,1309.0
1837,243.5
1838,223.0
1839,29.0
1840,234.5
1841,332.0
1842,957.5
1843,116.0
1844,505.5
1845,0.0
1846,507.0
1847,154.0
1848,944.0
1849,1046.0
1850,420.0
1851,505.5
1852,337.0
1853,376.0
1854,352.0
1855,1154.0
1856,234.5
1857,517.5
1858,173.0
1859,741.0
1860,84.0
1861,1154.0
1862,2112.0
1863,1409.0
1864,794.5
1865,2112.0
1866,718.0
1867,1664.0
1868,718.0
1869,174.5
1870,58.0
1871,12.0
1872,229.0
1873,197.0
1874,29.0
1875,165.5
1876,2112.0
1877,234.5
1878,474.0
1879,29.0
1880,66.5
1881,794.5
1882,758.0
1883,164.0
1884,1187.0
1885,202.0
1886,1154.0
1887,1154.0
1888,29.0
1889,165.5
1890,0.0
1891,318.0
1892,0.0
1893,957.5
1894,318.0
1895,1409.0
1896,243.5
1897,236.0
1898,103.0
1899,1120.5
1900,507.0
1901,741.0
1902,62.5
1903,295.5
1904,902.0
1905,971.5
1906,794.5
1907,421.0
1908,29.0
1909,58.0
1910,62.5
1911,243.5
1912,133.5
1913,52.0
1914,34.0
1915,60.0
1916,718.0
1917,718.0
1918,944.0
1919,176.0
1920,116.0
1921,0.0
1922,693.5
1923,295.5
1924,957.5
1925,295.5
1926,1154.0
1927,604.5
1928,168.0
1929,81.0
1930,295.5
1931,165.5
1932,1828.0
1933,685.0
1934,366.0
1935,957.5
1936,394.5
1937,1309.0
1938,385.0
1939,236.0
1940,957.5
1941,1828.0
1942,234.5
1943,174.5
1944,52.0
1945,85.0
1946,43.0
1947,167.0
1948,34.0
1949,589.0
1950,1154.0
1951,758.0
1952,165.5
1953,314.0
1954,1693.0
1955,957.5
1956,454.5
1957,197.0
1958,492.0
1959,1154.0
1960,62.5
1961,421.0
1962,295.5
1963,741.0
1964,158.0
1965,0.0
1966,154.0
1967,971.5
1968,690.5
1969,1154.0
1970,1154.0
1971,957.5
1972,154.0
1973,1120.5
1974,602.0
1975,397.5
1976,125.0
1977,186.5
1978,429.5
1979,1494.0
1980,454.5
1981,1450.0
1982,337.0
1983,236.0
1984,957.5
1985,243.5
1986,1154.0
1987,243.5
1988,2112.0
1989,29.0
1990,2112.0
1991,165.5
1992,741.0
1993,82.0
1994,1664.0
1995,401.0
1996,318.0
1997,983.0
1998,337.0
1999,103.0
2000,1664.0
2001,337.0
2002,957.5
2003,197.0
2004,1169.0
2005,1828.0
2006,902.0
2007,176.0
2008,21.0
2009,52.0
2010,1154.0
2011,2112.0
2012,2112.0
2013,430.0
2014,65.5
2015,1154.0
2016,589.0
2017,718.0
2018,350.0
2019,398.0
2020,397.5
2021,397.5
2022,2112.0
2023,295.5
2024,402.0
2025,718.0
2026,1828.0
2027,535.5
2028,1154.0
2029,2112.0
2030,1187.0
2031,401.0
2032,944.0
2033,2112.0
2034,1169.0
2035,1309.0
2036,1154.0
2037,440.0
2038,366.0
2039,2112.0
2040,44.0
2041,492.0
2042,243.5
2043,1154.0
2044,1294.0
2045,58.0
2046,1450.0
2047,29.0
2048,1409.0
2049,576.0
2050,149.0
2051,1312.0
2052,337.0
2053,837.0
2054,759.0
2055,294.0
2056,295.5
2057,1828.0
2058,1154.0
2059,133.5
2060,1120.5
2061,2112.0
2062,165.5
2063,397.5
2064,52.0
2065,971.5
2066,1120.5
2067,2112.0
2068,165.5
2069,171.5
2070,135.0
2071,1693.0
2072,295.5
2073,1828.0
2074,718.0
2075,21.0
2076,1046.0
2077,187.0
2078,1693.0
2079,295.5
2080,1828.0
2081,1828.0
2082,584.0
2083,398.0
2084,718.0
2085,2112.0
2086,957.5
2087,165.5
2088,1828.0
2089,168.0
2090,957.5
2091,203.0
2092,1309.0
2093,584.0
2094,51.5
2095,1664.0
2096,758.0
2097,234.5
2098,1908.0
2099,944.0
2100,285.0
2101,791.0
2102,794.5
2103,1154.0
2104,580.0
2105,154.0
2106,971.5
2107,283.0
2108,295.5
2109,1154.0
2110,1046.0
2111,957.5
2112,957.5
2113,690.5
2114,0.0
2115,2112.0
2116,218.0
2117,66.5
2118,173.0
2119,456.0
2120,295.5
2121,168.0
2122,51.5
2123,430.0
2124,158.0
2125,1154.0
2126,794.5
2127,262.0
2128,244.0
2129,758.0
2130,1494.0
2131,318.0
2132,294.0
2133,693.5
2134,29.0
2135,900.0
2136,55.0
2137,971.5
2138,900.0
2139,584.0
2140,155.0
2141,1312.0
2142,584.0
2143,758.0
2144,133.5
2145,90.0
2146,492.0
2147,1309.0
2148,848.0
2149,957.5
2150,1693.0
2151,234.5
2152,42.0
2153,1312.0
2154,295.5
2155,133.5
2156,957.5
2157,544.5
2158,758.0
2159,29.0
2160,84.0
2161,1154.0
2162,517.5
2163,2112.0
2164,584.0
2165,116.0
2166,218.0
2167,167.0
2168,332.0
2169,584.0
2170,176.0
2171,1309.0
2172,366.0
2173,54.0
2174,1828.0
2175,1828.0
2176,900.0
2177,295.5
2178,693.5
2179,957.5
2180,619.5
2181,243.5
2182,132.0
2183,718.0
2184,1309.0
2185,957.5
2186,58.0
2187,168.0
2188,718.0
2189,78.0
2190,971.5
2191,1154.0
2192,340.0
2193,430.0
2194,794.5
2195,718.0
2196,366.0
2197,957.5
2198,2112.0
2199,295.5
2200,380.0
2201,332.0
2202,1828.0
2203,65.5
2204,589.0
2205,1187.0
2206,492.0
2207,72.5
2208,1828.0
2209,1828.0
2210,957.5
2211,430.0
2212,1120.5
2213,492.0
2214,337.0
2215,1828.0
2216,2112.0
2217,165.5
2218,758.0
2219,405.0
2220,235.0
2221,2112.0
2222,184.0
2223,944.0
2224,1154.0
2225,234.5
2226,1154.0
2227,740.0
2228,2112.0
2229,1664.0
2230,1828.0
2231,243.5
2232,186.5
2233,197.0
2234,1154.0
2235,366.0
2236,1154.0
2237,1154.0
2238,0.0
2239,62.5
2240,224.5
2241,268.0
2242,1154.0
2243,116.0
2244,957.5
2245,235.0
2246,318.0
2247,284.0
2248,369.5
2249,154.0
2250,2112.0
2251,295.5
2252,957.5
2253,602.0
2254,1255.0
2255,1046.0
2256,268.0
2257,619.5
2258,213.0
2259,741.0
2260,1046.0
2261,669.0
2262,1312.0
2263,944.0
2264,101.5
2265,971.5
2266,165.5
2267,602.0
2268,2112.0
2269,758.0
2270,224.0
2271,43.5
2272,1828.0
2273,0.0
2274,133.5
2275,350.0
2276,43.0
2277,934.0
2278,1120.5
2279,168.0
2280,402.0
2281,29.0
2282,197.0
2283,584.0
2284,1828.0
2285,799.0
2286,234.5
2287,318.0
2288,693.5
2289,1828.0
2290,182.0
2291,337.0
2292,90.0
2293,236.0
2294,289.0
2295,203.0
2296,234.5
2297,2112.0
2298,247.0
2299,366.0
2300,544.0
2301,957.5
2302,234.5
2303,1312.0
2304,398.0
2305,1828.0
2306,0.0
2307,1312.0
2308,1154.0
2309,944.0
2310,197.0
2311,602.0
2312,2112.0
2313,337.0
2314,234.5
2315,0.0
2316,584.0
2317,2112.0
2318,2112.0
2319,234.5
2320,322.0
2321,243.5
2322,0.0
2323,2112.0
2324,81.0
2325,133.5
2326,284.0
2327,1154.0
2328,718.0
2329,505.5
2330,186.5
2331,112.0
2332,688.0
2333,1309.0
2334,1309.0
2335,837.0
2336,1154.0
2337,234.5
2338,971.5
2339,318.0
2340,156.0
2341,52.0
2342,234.5
2343,1120.5
2344,30.0
2345,957.5
2346,60.0
2347,1046.0
2348,366.0
2349,157.0
2350,0.0
2351,584.0
2352,24.0
2353,1828.0
2354,1828.0
2355,1828.0
2356,1494.0
2357,99.0
2358,244.0
2359,971.5
2360,342.0
2361,794.5
2362,269.0
2363,718.0
2364,1828.0
2365,2112.0
2366,944.0
2367,944.0
2368,1203.0
2369,318.0
2370,21.0
2371,154.0
2372,0.0
2373,68.0
2374,104.0
2375,828.0
2376,718.0
2377,922.0
2378,1070.0
2379,0.0
2380,944.0
2381,589.0
2382,385.0
2383,235.0
2384,1693.0
2385,279.5
2386,171.0
2387,1154.0
2388,3.0
2389,27.0
2390,29.0
2391,1154.0
2392,295.5
2393,1154.0
2394,2112.0
2395,971.5
2396,17.0
2397,1828.0
2398,52.0
2399,103.0
2400,243.5
2401,2112.0
2402,718.0
2403,1046.0
2404,1070.0
2405,332.0
2406,340.0
2407,81.0
2408,43.5
2409,29.0
2410,43.5
2411,164.0
2412,1120.5
2413,0.0
2414,165.5
2415,957.5
2416,167.0
2417,171.0
2418,944.0
2419,1154.0
2420,295.5
2421,1154.0
2422,366.0
2423,337.0
2424,236.0
2425,1120.5
2426,973.5
2427,1154.0
2428,520.0
2429,1312.0
2430,239.5
2431,133.5
2432,7.0
2433,492.0
2434,65.0
2435,245.0
2436,983.0
2437,1294.0
2438,0.0
2439,366.0
2440,1693.0
2441,337.0
2442,900.0
2443,1664.0
2444,186.5
2445,971.5
2446,197.0
2447,295.5
2448,1664.0
2449,589.0
2450,186.5
2451,55.0
2452,1309.0
2453,740.0
2454,1312.0
2455,1494.0
2456,693.5
2457,236.0
2458,900.0
2459,973.5
2460,243.5
2461,944.0
2462,741.0
2463,1120.5
2464,1693.0
2465,202.0
2466,133.5
2467,718.0
2468,1450.0
2469,957.5
2470,584.0
2471,234.5
2472,165.0
2473,29.0
2474,0.0
2475,718.0
2476,2112.0
2477,73.0
2478,165.5
2479,608.0
2480,1154.0
2481,29.0
2482,944.0
2483,126.0
2484,234.5
2485,578.0
2486,2112.0
2487,1312.0
2488,234.5
2489,2112.0
2490,165.5
2491,602.0
2492,234.5
2493,142.0
2494,1828.0
2495,718.0
2496,202.0
2497,1664.0
2498,1154.0
2499,1828.0
2500,983.0
2501,562.5
2502,104.0
2503,1154.0
2504,1154.0
2505,900.0
2506,62.5
2507,1494.0
2508,51.0
2509,402.0
2510,337.0
2511,693.5
2512,555.0
2513,125.0
2514,1154.0
2515,521.0
2516,380.0
2517,1154.0
2518,957.5
2519,84.0
2520,295.5
2521,234.5
2522,758.0
2523,402.0
2524,1312.0
2525,581.0
2526,944.0
2527,174.5
2528,268.0
2529,0.0
2530,337.0
2531,117.0
2532,62.5
2533,1828.0
2534,581.5
2535,328.0
2536,116.0
2537,505.5
2538,169.0
2539,584.0
2540,1154.0
2541,261.0
2542,234.5
2543,337.0
2544,1294.0
2545,1494.0
2546,2112.0
2547,1154.0
2548,1647.0
2549,394.5
2550,29.0
2551,584.0
2552,2112.0
2553,350.0
2554,1154.0
2555,234.5
2556,957.5
2557,1309.0
2558,1828.0
2559,1494.0
2560,295.5
2561,235.0
2562,957.5
2563,957.5
2564,154.0
2565,1450.0
2566,758.0
2567,791.0
2568,1154.0
2569,154.0
2570,116.0
2571,165.5
2572,234.5
2573,688.0
2574,957.5
2575,318.0
2576,186.5
2577,366.0
2578,234.5
2579,718.0
2580,284.0
2581,151.0
2582,2112.0
2583,741.0
2584,350.0
2585,684.5
2586,96.0
2587,366.0
2588,103.0
2589,1309.0
2590,1154.0
2591,149.0
2592,171.0
2593,517.5
2594,957.5
2595,922.0
2596,295.5
2597,1309.0
2598,601.5
2599,758.0
2600,81.0
2601,295.5
2602,1046.0
2603,1129.0
2604,983.0
2605,718.0
2606,380.0
2607,1828.0
2608,718.0
2609,60.0
2610,196.0
2611,1154.0
2612,957.5
2613,1494.0
2614,1494.0
2615,957.5
2616,420.0
2617,234.5
2618,505.5
2619,332.0
2620,154.0
2621,944.0
2622,745.0
2623,1154.0
2624,292.0
2625,421.0
2626,900.0
2627,52.0
2628,1154.0
2629,295.5
2630,176.0
2631,584.0
2632,837.0
2633,944.0
2634,2112.0
2635,589.0
2636,1154.0
2637,1312.0
2638,1309.0
2639,1494.0
2640,902.0
2641,29.0
2642,693.5
2643,1294.0
2644,90.0
2645,1312.0
2646,584.0
2647,165.5
2648,197.0
2649,1154.0
2650,243.5
2651,1309.0
2652,589.0
2653,741.0
2654,380.0
2655,957.5
2656,44.0
2657,15.0
2658,158.0
2659,1154.0
2660,295.5
2661,0.0
2662,1154.0
2663,29.0
2664,1154.0
2665,688.0
2666,116.0
2667,1312.0
2668,72.5
2669,154.0
2670,1494.0
2671,2112.0
2672,366.0
2673,236.0
2674,2112.0
2675,101.5
2676,337.0
2677,1154.0
2678,363.0
2679,2112.0
2680,1158.0
2681,168.0
2682,1309.0
2683,1828.0
2684,957.5
2685,684.5
2686,1312.0
2687,1494.0
2688,794.5
2689,366.0
2690,243.5
2691,430.0
2692,1828.0
2693,0.0
2694,740.0
2695,21.0
2696,2112.0
2697,944.0
2698,1154.0
2699,243.5
2700,165.5
2701,1693.0
2702,971.5
2703,1494.0
2704,332.0
2705,971.5
2706,58.0
2707,318.0
2708,165.5
2709,1664.0
2710,944.0
2711,285.0
2712,337.0
2713,1494.0
2714,535.5
2715,295.5
2716,74.0
2717,2112.0
2718,197.0
2719,1828.0
2720,1828.0
2721,289.0
2722,684.5
2723,1828.0
2724,957.5
2725,1450.0
2726,133.5
2727,1494.0
2728,983.0
2729,758.0
2730,318.0
2731,957.5
2732,401.0
2733,1154.0
2734,234.5
2735,971.5
2736,295.5
2737,584.0
2738,202.0
2739,1828.0
2740,688.0
2741,544.5
2742,828.0
2743,44.0
2744,741.0
2745,318.0
2746,318.0
2747,15.0
2748,801.5
2749,1120.5
2750,1312.0
2751,48.0
2752,2112.0
2753,1187.0
2754,1154.0
2755,366.0
2756,1494.0
2757,350.0
2758,957.5
2759,1664.0
2760,197.0
2761,318.0
2762,191.0
2763,300.0
2764,167.0
2765,1255.0
2766,29.0
2767,794.5
2768,114.5
2769,1828.0
2770,1154.0
2771,2112.0
2772,196.0
2773,235.0
2774,505.5
2775,154.0
2776,223.0
2777,295.5
2778,1450.0
2779,1309.0
2780,718.0
2781,243.5
2782,944.0
2783,0.0
2784,168.0
2785,295.5
2786,401.0
2787,129.5
2788,1494.0
2789,957.5
2790,295.5
2791,684.5
2792,342.0
2793,517.5
2794,202.0
2795,848.0
2796,295.5
2797,182.0
2798,0.0
2799,158.0
2800,1255.0
2801,544.5
2802,65.5
2803,55.0
2804,2112.0
2805,1120.5
2806,401.0
2807,1154.0
2808,2112.0
2809,235.0
2810,1120.5
2811,268.0
2812,318.0
2813,332.0
2814,0.0
2815,133.5
2816,168.0
2817,168.0
2818,366.5
2819,234.5
2820,318.0
2821,52.0
2822,816.0
2823,370.5
2824,971.5
2825,971.5
2826,295.5
2827,589.0
2828,366.0
2829,619.5
2830,85.0
2831,366.0
2832,971.5
2833,957.5
2834,944.0
2835,234.5
2836,234.5
2837,7.0
2838,168.0
2839,576.0
2840,332.0
2841,7.0
2842,1828.0
2843,2112.0
2844,243.5
2845,337.0
2846,247.0
2847,151.0
2848,295.5
2849,957.5
2850,718.0
2851,718.0
2852,1450.0
2853,2112.0
2854,43.5
2855,158.0
2856,165.5
2857,1120.5
2858,555.0
2859,0.0
2860,118.0
2861,957.5
2862,1154.0
2863,154.0
2864,957.5
2865,1154.0
2866,240.0
2867,0.0
2868,51.5
2869,144.0
2870,1828.0
2871,429.5
2872,1154.0
2873,794.5
2874,900.0
2875,402.0
2876,718.0
2877,957.5
2878,718.0
2879,52.0
2880,1664.0
2881,65.0
2882,801.5
2883,54.0
2884,971.5
2885,366.0
2886,402.0
2887,90.0
2888,1120.5
2889,29.0
2890,142.0
2891,1811.0
2892,169.0
2893,337.0
2894,1309.0
2895,229.0
2896,1154.0
2897,242.0
2898,1154.0
2899,1154.0
2900,90.0
2901,584.0
2902,690.5
2903,56.0
2904,718.0
2905,1154.0
2906,908.0
2907,758.0
2908,337.0
2909,186.5
2910,168.0
2911,1693.0
2912,188.0
2913,1154.0
2914,0.0
2915,0.0
2916,116.0
2917,133.5
2918,957.5
2919,2112.0
2920,47.0
2921,1828.0
2922,50.0
2923,1494.0
2924,1664.0
2925,944.0
2926,154.0
2927,29.0
2928,165.5
2929,957.5
2930,1154.0
2931,1494.0
2932,218.0
2933,456.0
2934,0.0
2935,1046.0
2936,224.0
2937,1309.0
2938,1693.0
2939,1664.0
2940,112.0
2941,234.5
2942,78.0
2943,157.0
2944,619.5
2945,1154.0
2946,693.5
2947,44.0
2948,295.5
2949,507.0
2950,337.0
2951,957.5
2952,243.5
2953,29.0
2954,1312.0
2955,29.0
2956,154.0
2957,741.0
2958,366.0
2959,1309.0
2960,243.5
2961,99.0
2962,492.0
2963,101.5
2964,1046.0
2965,74.0
2966,1312.0
2967,229.0
2968,128.0
2969,957.5
2970,1154.0
2971,370.5
2972,1129.0
2973,944.0
2974,397.5
2975,235.0
2976,1828.0
2977,944.0
2978,332.0
2979,1046.0
2980,295.5
2981,1494.0
2982,837.0
2983,1309.0
2984,1309.0
2985,74.0
2986,78.0
2987,1255.0
2988,74.0
2989,944.0
2990,283.0
2991,627.0
2992,163.0
2993,168.0
2994,105.0
2995,318.0
2996,337.0
2997,318.0
2998,2112.0
2999,295.5
3000,693.5
3001,292.0
3002,794.5
3003,1046.0
3004,366.0
3005,957.5
3006,1154.0
3007,224.0
3008,1664.0
3009,218.0
3010,922.0
3011,154.0
3012,1828.0
3013,693.5
3014,505.5
3015,133.5
3016,1828.0
3017,2112.0
3018,342.0
3019,337.0
3020,151.0
3021,1693.0
3022,1309.0
3023,1494.0
3024,186.0
3025,1154.0
3026,236.0
3027,366.0
3028,972.0
3029,234.5
3030,318.0
3031,79.0
3032,1664.0
3033,2112.0
3034,1309.0
3035,1071.0
3036,234.5
3037,794.5
3038,944.0
3039,29.0
3040,93.0
3041,456.0
3042,370.5
3043,165.5
3044,173.0
3045,167.0
3046,168.0
3047,332.0
3048,181.0
3049,29.0
3050,0.0
3051,971.5
3052,268.0
3053,521.0
3054,602.0
3055,555.0
3056,366.0
3057,243.5
3058,401.0
3059,243.5
3060,212.0
3061,284.0
3062,957.5
3063,1154.0
3064,29.0
3065,173.0
3066,236.0
3067,1154.0
3068,972.0
3069,957.5
3070,191.0
3071,1828.0
3072,0.0
3073,794.5
3074,589.0
3075,1312.0
3076,243.5
3077,971.5
3078,228.0
3079,0.0
3080,957.5
3081,84.0
3082,2112.0
3083,234.5
3084,169.0
3085,337.0
3086,794.5
3087,2112.0
3088,184.0
3089,1450.0
3090,581.5
3091,1494.0
3092,693.5
3093,971.5
3094,1154.0
3095,158.0
3096,234.5
3097,262.0
3098,517.5
3099,1312.0
3100,295.5
3101,2112.0
3102,906.0
3103,1309.0
3104,718.0
3105,133.5
3106,234.5
3107,29.0
3108,44.0
3109,168.0
3110,741.0
3111,337.0
3112,234.5
3113,556.0
3114,1154.0
3115,236.0
3116,1664.0
3117,0.0
3118,957.5
3119,236.0
3120,0.0
3121,29.0
3122,1450.0
3123,718.0
3124,243.5
3125,235.0
3126,52.0
3127,366.0
3128,1309.0
3129,366.0
3130,236.0
3131,0.0
3132,337.0
3133,688.0
3134,1154.0
3135,337.0
3136,718.0
3137,176.0
3138,970.0
3139,218.0
3140,507.0
3141,584.0
3142,1811.0
3143,202.0
3144,1309.0
3145,944.0
3146,171.0
3147,128.0
3148,243.5
3149,589.0
3150,168.0
3151,168.0
3152,370.5
3153,1154.0
3154,366.0
3155,184.0
3156,169.0
3157,584.0
3158,402.0
3159,221.0
3160,1312.0
3161,944.0
3162,1309.0
3163,366.0
3164,310.5
3165,267.0
3166,236.0
3167,168.0
3168,1309.0
3169,1494.0
3170,688.0
3171,555.0
3172,1120.5
3173,1294.0
3174,117.0
3175,0.0
3176,1309.0
3177,133.5
3178,337.0
3179,235.0
3180,971.5
3181,589.0
3182,318.0
3183,1309.0
3184,240.0
3185,318.0
3186,1154.0
3187,971.5
3188,544.5
3189,171.0
3190,337.0
3191,165.5
3192,602.0
3193,900.0
3194,62.5
3195,1309.0
3196,944.0
3197,285.0
3198,693.5
3199,295.5
3200,1154.0
3201,212.0
3202,1664.0
3203,337.0
3204,957.5
3205,922.0
3206,1184.0
3207,343.0
3208,234.5
3209,971.5
3210,132.0
3211,2112.0
3212,584.0
3213,2112.0
3214,29.0
3215,1154.0
3216,350.0
3217,2112.0
3218,112.5
3219,1811.0
3220,584.0
3221,1154.0
3222,407.0
3223,957.5
3224,2112.0
3225,848.0
3226,794.5
3227,589.0
3228,82.0
3229,1046.0
3230,718.0
3231,1312.0
3232,0.0
3233,1664.0
3234,944.0
3235,285.0
3236,244.0
3237,1647.0
3238,1309.0
3239,165.5
3240,165.5
3241,589.0
3242,84.0
3243,295.5
3244,1540.0
3245,234.5
3246,295.5
3247,906.0
3248,234.5
3249,350.0
3250,235.0
3251,521.0
3252,133.5
3253,122.0
3254,688.0
3255,133.5
3256,944.0
3257,584.0
3258,139.0
3259,165.5
3260,158.0
3261,402.0
3262,944.0
3263,60.0
3264,184.0
3265,224.5
3266,1811.0
3267,1540.0
3268,526.0
3269,237.0
3270,619.5
3271,1154.0
3272,158.0
3273,1828.0
3274,794.5
3275,40.0
3276,1693.0
3277,234.5
3278,619.5
3279,718.0
3280,589.0
3281,693.5
3282,332.0
3283,166.0
3284,1693.0
3285,304.0
3286,1185.0
3287,1828.0
3288,318.0
3289,584.0
3290,52.0
3291,240.0
3292,2112.0
3293,1154.0
3294,1450.0
3295,741.0
3296,295.5
3297,1828.0
3298,601.5
3299,317.0
3300,366.0
3301,1309.0
3302,1664.0
3303,103.0
3304,957.5
3305,944.0
3306,799.0
3307,234.5
3308,236.0
3309,29.0
3310,584.0
3311,47.0
3312,1255.0
3313,244.0
3314,394.5
3315,234.5
3316,1828.0
3317,116.0
3318,65.5
3319,112.5
3320,116.0
3321,228.5
3322,693.5
3323,430.0
3324,957.5
3325,366.0
3326,367.0
3327,1154.0
3328,971.5
3329,0.0
3330,957.5
3331,944.0
3332,957.5
3333,983.0
3334,1154.0
3335,44.0
3336,58.0
3337,1312.0
3338,688.0
3339,295.5
3340,1154.0
3341,584.0
3342,1309.0
3343,957.5
3344,411.0
3345,133.5
3346,171.0
3347,236.0
3348,584.0
3349,77.0
3350,0.0
3351,1294.0
3352,332.0
3353,1097.0
3354,971.5
3355,1294.0
3356,794.5
3357,1294.0
3358,168.0
3359,2112.0
3360,168.0
3361,337.0
3362,1046.0
3363,62.5
3364,944.0
3365,0.0
3366,2112.0
3367,944.0
3368,337.0
3369,2112.0
3370,7.0
3371,685.0
3372,1154.0
3373,1046.0
3374,2112.0
3375,1309.0
3376,1154.0
3377,295.5
3378,1154.0
3379,1494.0
3380,380.0
3381,1046.0
3382,2112.0
3383,197.0
3384,794.5
3385,52.0
3386,0.0
3387,380.0
3388,957.5
3389,186.5
3390,957.5
3391,580.0
3392,1450.0
3393,688.0
3394,430.0
3395,741.0
3396,957.5
3397,133.5
3398,133.5
3399,1154.0
3400,0.0
3401,295.5
3402,0.0
3403,957.5
3404,944.0
3405,202.0
3406,1828.0
3407,1312.0
3408,165.5
3409,0.0
3410,1828.0
3411,584.0
3412,310.0
3413,1828.0
3414,366.0
3415,295.5
3416,168.0
3417,971.5
3418,243.5
3419,2112.0
3420,197.0
3421,114.5
3422,957.5
3423,2112.0
3424,1494.0
3425,794.5
3426,168.0
3427,58.0
3428,741.0
3429,922.0
3430,268.0
3431,318.0
3432,971.5
3433,684.5
3434,168.0
3435,295.5
3436,283.0
3437,44.0
3438,345.0
3439,197.0
3440,718.0
3441,957.5
3442,741.0
3443,240.0
3444,436.0
3445,48.0
3446,718.0
3447,224.0
3448,430.0
3449,1154.0
3450,72.5
3451,971.5
3452,544.0
3453,944.0
3454,1494.0
3455,370.5
3456,295.5
3457,202.0
3458,295.5
3459,103.0
3460,2112.0
3461,467.0
3462,397.5
3463,104.0
3464,1046.0
3465,2112.0
3466,197.0
3467,218.0
3468,1309.0
3469,52.0
3470,2112.0
3471,1120.5
3472,2112.0
3473,1309.0
3474,741.0
3475,1664.0
3476,350.0
3477,325.0
3478,17.0
3479,1154.0
3480,693.5
3481,1046.0
3482,584.0
3483,801.5
3484,17.0
3485,128.0
3486,589.0
3487,295.5
3488,971.5
3489,1450.0
3490,1693.0
3491,758.0
3492,171.5
3493,227.0
3494,2112.0
3495,227.0
3496,579.0
3497,62.5
3498,794.5
3499,584.0
3500,619.0
3501,234.5
3502,96.0
3503,957.5
3504,505.5
3505,62.5
3506,584.0
3507,1120.5
3508,337.0
3509,243.5
3510,693.5
3511,405.0
3512,1828.0
3513,295.5
3514,43.0
3515,402.0
3516,168.0
3517,619.5
3518,168.0
3519,158.0
3520,23.0
3521,84.0
3522,2112.0
3523,1187.0
3524,243.5
3525,584.0
3526,1309.0
3527,295.5
3528,688.0
3529,1154.0
3530,1154.0
3531,337.0
3532,173.0
3533,971.5
3534,718.0
3535,957.5
3536,403.0
3537,154.0
3538,1312.0
3539,116.0
3540,641.0
3541,0.0
3542,224.0
3543,1908.0
3544,295.5
3545,0.0
3546,394.5
3547,971.5
3548,235.0
3549,234.5
3550,957.5
3551,957.5
3552,112.5
3553,167.0
3554,337.0
3555,971.5
3556,112.0
3557,0.0
3558,168.0
3559,135.0
3560,103.0
3561,337.0
3562,231.0
3563,154.0
3564,581.0
3565,718.0
3566,535.5
3567,944.0
3568,794.5
3569,693.5
3570,295.5
3571,584.0
3572,957.5
3573,971.5
3574,337.0
3575,718.0
3576,235.0
3577,1828.0
3578,1309.0
3579,2112.0
3580,718.0
3581,1309.0
3582,171.5
3583,1294.0
3584,81.0
3585,1811.0
3586,234.5
3587,983.0
3588,1309.0
3589,366.0
3590,1255.0
3591,0.0
3592,118.0
3593,65.0
3594,957.5
3595,544.0
3596,146.0
3597,430.0
3598,0.0
3599,243.5
3600,1154.0
3601,2112.0
3602,1120.5
3603,164.0
3604,366.0
3605,1828.0
3606,1154.0
3607,376.0
3608,1255.0
3609,718.0
3610,295.5
3611,1120.5
3612,1154.0
3613,584.0
3614,1309.0
3615,1693.0
3616,996.5
3617,1312.0
3618,944.0
3619,1494.0
3620,1187.0
3621,505.5
3622,404.5
3623,74.0
3624,0.0
3625,243.5
3626,224.0
3627,29.0
3628,684.5
3629,2112.0
3630,996.5
3631,183.0
3632,581.5
3633,366.0
3634,1309.0
3635,34.0
3636,234.5
3637,581.0
3638,295.5
3639,1309.0
3640,1255.0
3641,1154.0
3642,957.5
3643,151.0
3644,602.0
3645,101.5
3646,957.5
3647,58.0
3648,1828.0
3649,0.0
3650,718.0
3651,132.0
3652,1154.0
3653,196.0
3654,589.0
3655,398.0
3656,1664.0
3657,1312.0
3658,104.0
3659,171.5
3660,176.0
3661,688.0
3662,1120.5
3663,403.0
3664,1154.0
3665,236.0
3666,174.5
3667,44.0
3668,1693.0
3669,420.0
3670,533.0
3671,234.5
3672,794.5
3673,718.0
3674,944.0
3675,0.0
3676,168.0
3677,693.5
3678,224.5
3679,556.0
3680,1693.0
3681,1154.0
3682,2112.0
3683,65.0
3684,221.0
3685,944.0
3686,971.5
3687,29.0
3688,669.0
3689,922.0
3690,758.0
3691,584.0
3692,295.5
3693,420.0
3694,430.0
3695,688.0
3696,168.0
3697,957.5
3698,350.0
3699,1309.0
3700,101.5
3701,1070.0
3702,295.5
3703,244.0
3704,944.0
3705,65.0
3706,1120.5
3707,278.0
3708,234.5
3709,1312.0
3710,370.5
3711,32.0
3712,398.0
3713,236.0
3714,1154.0
3715,1154.0
3716,295.5
3717,29.0
3718,521.0
3719,165.5
3720,971.5
3721,1154.0
3722,73.0
3723,1187.0
3724,688.0
3725,0.0
3726,2112.0
3727,332.0
3728,758.0
3729,154.0
3730,604.5
3731,154.0
3732,957.5
3733,1046.0
3734,1828.0
3735,1450.0
3736,492.0
3737,957.5
3738,1046.0
3739,584.0
3740,202.0
3741,828.0
3742,402.0
3743,996.5
3744,584.0
3745,693.5
3746,619.0
3747,957.5
3748,1154.0
3749,366.0
3750,40.0
3751,227.0
3752,234.5
3753,187.0
3754,0.0
3755,2112.0
3756,1828.0
3757,1294.0
3758,228.0
3759,295.5
